-- phpMyAdmin SQL Dump
-- version 5.2.0
-- https://www.phpmyadmin.net/
--
-- Host: 127.0.0.1
-- Generation Time: May 15, 2023 at 01:54 AM
-- Server version: 10.4.25-MariaDB
-- PHP Version: 8.1.10

SET SQL_MODE = "NO_AUTO_VALUE_ON_ZERO";
START TRANSACTION;
SET time_zone = "+00:00";


/*!40101 SET @OLD_CHARACTER_SET_CLIENT=@@CHARACTER_SET_CLIENT */;
/*!40101 SET @OLD_CHARACTER_SET_RESULTS=@@CHARACTER_SET_RESULTS */;
/*!40101 SET @OLD_COLLATION_CONNECTION=@@COLLATION_CONNECTION */;
/*!40101 SET NAMES utf8mb4 */;

--
-- Database: `app_rak_surat`
--

-- --------------------------------------------------------

--
-- Table structure for table `kategori`
--

CREATE TABLE `kategori` (
  `id` int(11) NOT NULL,
  `nama_kategori` varchar(100) NOT NULL
) ENGINE=InnoDB DEFAULT CHARSET=utf8mb4;

--
-- Dumping data for table `kategori`
--

INSERT INTO `kategori` (`id`, `nama_kategori`) VALUES
(4, 'Surat Masuk'),
(5, 'Surat Keluar');

-- --------------------------------------------------------

--
-- Table structure for table `rak`
--

CREATE TABLE `rak` (
  `id` int(11) NOT NULL,
  `nama_rak` varchar(100) NOT NULL,
  `nomor_rak` varchar(100) NOT NULL
) ENGINE=InnoDB DEFAULT CHARSET=utf8mb4;

--
-- Dumping data for table `rak`
--

INSERT INTO `rak` (`id`, `nama_rak`, `nomor_rak`) VALUES
(1, 'Rak 2', '02'),
(4, 'rak 3', '3');

-- --------------------------------------------------------

--
-- Table structure for table `role`
--

CREATE TABLE `role` (
  `id` int(11) NOT NULL,
  `role_key` varchar(255) NOT NULL,
  `role` varchar(255) NOT NULL
) ENGINE=InnoDB DEFAULT CHARSET=utf8mb4;

--
-- Dumping data for table `role`
--

INSERT INTO `role` (`id`, `role_key`, `role`) VALUES
(1, '0', 'user'),
(2, '1', 'Sub Bidang'),
(3, '2', 'Kepala Dinas');

-- --------------------------------------------------------

--
-- Table structure for table `surat`
--

CREATE TABLE `surat` (
  `id` int(11) NOT NULL,
  `kategori_id` int(11) NOT NULL,
  `rak_id` int(11) NOT NULL,
  `nama_surat` varchar(255) NOT NULL,
  `tanggal_surat` varchar(255) NOT NULL,
  `file_surat` varchar(255) NOT NULL,
  `status` varchar(255) NOT NULL,
  `file_disposisi` varchar(255) NOT NULL,
  `deskripsi` varchar(255) NOT NULL,
  `ttd` text NOT NULL
) ENGINE=InnoDB DEFAULT CHARSET=utf8mb4;

--
-- Dumping data for table `surat`
--

INSERT INTO `surat` (`id`, `kategori_id`, `rak_id`, `nama_surat`, `tanggal_surat`, `file_surat`, `status`, `file_disposisi`, `deskripsi`, `ttd`) VALUES
(7, 4, 1, 'tes2', '2023-05-05', '6538.xlsx', '0', '', '', ''),
(8, 4, 1, 'tes', '2023-05-05', '6077', '2', '', 'asdd', 'data:image/png;base64,iVBORw0KGgoAAAANSUhEUgAAAY4AAADGCAYAAADFeGfJAAAAAXNSR0IArs4c6QAAFOlJREFUeF7tnT+IXcUXxydmjSYWUZAIIsbtRU2RJk1MJYISt7CwiqlEQaJ2ChIDitgYt5CUupVYxUAaK00jiIUG7HXFSgIxhZs/JuTH98r4e768t++euefeN3fmM9WGzN/Pmb3fnTMzZ3bcvn37diBBAAIQgAAEWhLYgXC0JEU2CEAAAhBoCCAcTAQIQAACEDARQDhMuMgMAQhAAAIIB3MAAhCAAARMBBAOEy4yQwACEIAAwsEcgAAEIAABEwGEw4SLzBCAAAQggHAwByAAAQhAwEQA4TDhIjMEIAABCCAczAEIQAACEDARQDhMuMgMAQhAAAIIB3MAAhCAAARMBBAOEy4yQwACEIAAwsEcgAAEIAABEwGEw4SLzBCAAAQggHAwByAAAQhAwEQA4TDhIjMEIAABCCAczAEIQAACEDARQDhMuMgMAQhAAAIIB3MAAhCAAARMBBAOEy4yQwACEIAAwsEcgAAEIAABEwGEw4SLzBCAAAQggHAwByAAAQhAwEQA4TDhIjMEIAABCCAczAEIQAACEDARQDhMuMgMAQhAAAIIB3MAAhCAAARMBBAOEy4yQwACEIAAwpE4B5566qmwY8eO8OOPPybWQDEIQAAC4ySAcCTY7aeffgoHDhwI+/fvD7/++mtCDRSBAAQgMF4CCEeC7T755JPw5ptvhmPHjoXPP/88oQaKQAACEBgvAYQjwXYvvPBCOHfuXPjss8/Cyy+/nFADRSAAAQiMlwDCkWC7lZWVcOvWrfDLL7+Exx57LKEGikAAAhAYLwGEI8F22hRXun37dkJpikAAAhAYNwGEw2g/bYavrq6GvXv3hj///NNYmuwQgAAExk8A4TDa8Ntvvw1HjhwJhw8fDvqZBAEIQKA2AgiH0eIIhxEY2SEAgeIIIBxGk3711VdhbW2NFYeRG9khAIFyCCAcRlu+99574dSpU+HkyZNBP5MgAAEI1EYA4TBavETh0E34jY2NcObMmXD9+vWZRO65557w9ttvN5ceOYJsnDRkh0BhBBAOo0FLE449e/aEq1evmijoAqQuPh49etRUjswQgEAZBBAOox2ffvrpcOHChXD27NmgD+iYk44TP/DAA+Guu+4Kr7/+eiMGCt44K2lvR+FVdGM+pt27d4etra0xI6DvEIBAAgGEwwgtCsc333wT9POYU8oJMd1jkYB88MEH4ebNm+z1jHkC0HcIJBJAOIzgShKOGKzxxIkTQT9bUhQdlVFo+XkrFUud5IUABMZBAOEw2un+++8PV65cKSJO1RtvvBHW19fD6dOng362plheosG7JFZ65IfAeAkgHEbblRSnquvqSXskEo3NzU1cVsZ5RHYIjJkAwmG0XknCEaP8Xr58OWgllZLG4LLSyTElNvJTLEwZCNxJAOEwzgqE405g0WWV4ymr+Fqjes37KcbJTnYIzCGAcBinRknC0dVVFdHFY736d26h5qOoqW+7du2ae8HROA3IDoGqCSAcRvOXJBzxo+oRPkV7HRcvXszuhJVuvN+4cSPcfffd4e+//2bVYZzvZIfALAIIh3FelCQcnm+ne61ejOZYmD3aS26q48ePN+FS9HIjCQIQSCeAcBjZlSQcKRcA5+HK9R32SXtJNHQCjL0O46QnOwSmCCAcxilRknBo6F7jyTWG1+T4dOOdVYdxwpMdAjMIIBzGaeH1oTU221v2+Fd419vfYxAOQWTV0dtUouKKCCAcRmOXJhxeQRs93V5Gk2ybfdperDo86VJXrQQQDqPlSxMOr5XCWISDVYdxwpMdAriqus+B0oQjPoWrtzX0c2pS1NzV1dXmBrpuoueSZtkrrjp0VPfatWu5dJV+QGA0BFhxGE1VmnDEm9Uex1RzZBPvcUy/n5JjX41TkewQWBoBhMOIvsQPjteYYuTgLrGvjOZYmD3eVdFejt5QiclrzAs7QAYIFEgA4TAatcQPTrz13fVxqhwvASocilZT06HwS7SjcSqTHQLJBBAOI7oSPzh6MnZjY6PzxbgchUPmjeM7duxY83qhUol2NE5lskMgmQDCYURX4gcnnqxKeQlwEp9n7CujWbbNPrlxr3AjcqmVaEdPZtQFge0IIBzG+VHiB8frKK3X0V6jSVplj6uh+NphiXZsBYJMEHAggHAYIeYaBdY4jP9kj3+R79y5M1y6dCn5Uad4zHXSJdSlX55l47HjeHoM4fCkS121EUA4jBbP1Y9vHMYd2fVK3tWrV0MXd5XXyqXrWOaVj+FGdDR3bW2tyZbb+yF9jZ16IeBJAOEw0oxRYKfvBRiryS775Et5qaeronBoVabYV7mlyaO56ivCkZuF6M9YCCAcRkvl7Mc3DuWO7HFs+stcH/6Ud8hzdgFNHs2Ng2fF0XXWUL5GAgiH0eolC4dQxD0cHWHVuxWWFJ+QXVlZaV7byzHFo7kIR47WoU9jIYBwGC3lFdvJ2Oxg2bVRLvHQhTmrOy73PQ5BjAcBEI7BphQNFUgA4TAadQwfR+OQ7sge9wLkqor3HtrU6fkUbZv2UvPEAw4qj6sqlSLlaiaAcBitHzeRc90ANg5nbvb4cdVhAK082qRcLwBO9/39998P7777brj33nubk2QkCEDARgDhsPFqcue8AZwwnJlFJl1W8dLcorrHclQ5rho1Hqs7bhED/h8CNRBAOBKsXINwCEvcz5HLSqesdNpquxTvSci9tShvAna3IvGAgyqcjprr1ohTRVrZar7leLzZaYhUM0ICCEeC0Uq8PT4PQ7y30uYDOxZBjcKhtzquX7/e7OPkKnReb8InTHOKQGAuAYQjYXKMxSWTMLQ7ikzefdjOZRXdP08++WTQPlDOKdrvmWeeCV9//XXIMURK5BePD588eTJI8EgQyIEAwpFghVJvj89DMbknIJeJVlzTKcap6voEbYI5zEWicHzxxRfhpZdeai46Wk6PmRvsUCC6C0s/jNEBEUWXQADhSIBe+iXAWUjiial5H7AxMZl0qU1HzU2YDr0Xif3N2aXWOwQayIoAwpFgjjF9JBOGN7OIXFYSjc3NzTDLbTKmVdikcMS/6LXf8dtvv4V9+/Z5IXOrJ7LVTX65rkgQWDYBhCPBAqXfHm/jspoOhOj1/GyCOUxFZl3gvO+++8LW1lY4ePBgOH/+fHbiMSY3oMkYZB4tAYQjwXQ13B6fh2VeIMSxnKiaZbs//vgjPPfcc+GHH37IUjwmw6Rw0z3hF5Yi7gQQjgSktdwen4cmri7i2x2Rx/79+5tYUDmneW7G3MUjMufCYs6zq56+IRyJth7LX9iJw9u22PTbHcp85MiRcPjw4RDfueijXY86t9ufylk8Yr9zPjrsYR/qGAcBhCPRTjULh5BNBkJ85ZVXwkcffTRz0zwRb2/FFt3ByVU8oljv2rWrubRIgsAyCSAcifRruj0+D1H8CD/66KPNiaS2Ma0SkbsUWyQcaiRX8dA7J7du3cr6pruLkagkewIIR6KJ2nyAEqseTbHJQIjqdOqTs0MOuO1KMUfxYM4NOVNoazsCCEfi/BjTvYXEIbYqFl1Wynzx4sXwxBNPtCq3jExWd09u4lHj/aFlzBPaXEwA4VjMaGYOfon/wRLvGOjnNoEQE3G7FIu33+NpsDaV5iQe3OdoYzHyDEEA4UikjHD8Ay5Gb929e3fzKFLO+xypkWZzEY+4YtI4FH6EBIFlEUA4EsnXent8EldkoPsbclmtra01AQPbvN2RiD25WNe7JrmIR9s9mmRQFIRACwIIRwtIs7LUfHs88pgOEBhDgOcYyTXFTTVt9xzEgw3yxF9YirkSQDgScdZ+ezwK5969e5vb4lppLAqEmIjapViqmyo38YjinLNL0MVgVJI1AYSjg3lqdhvEv3ynI+W2ebujA/Kkol3dVDmJRzzFxg3ypKlAIScCCEcHkArFfePGjcanP+txow5VZ1101mpjssPRLaQN8++++27pbDzcVLmIBy7SrH81qukcwtHB1H18kDp0Z7Ci8Q7LvOdM5bJ6+OGHm1NWSvorWUdgl5W83FS5iEfNK91lzSHa/S8BhKPDjKjxeORkiO/Lly83exuzksRDR5bX19eb/5ZrS5Fd5+XvYIZti3q7qXIQj76EsC8bUG95BBCOjjat7Zc4bs629bHryK7KXLlypRENvWKnFctQaYhV4dCnrXgRcKjZQzvzCCAcHefGEB+mjl10Kz652rC8f63Vhz52Fy5caPoiZnJzDbH6GErYhxQPLp+6TWkqSiSAcCSCi8VqcldZVxvTaCfjWukwgVYffR4q6NtNtSy3FRvkHX9pKd6ZAMLRGeH/w26UfLoqdbUxjVcfcwmQAiIq9blxvozV4BArj2iLnTt3hps3bzrMYKqAgI0AwmHjNTP3Mj5QDt02VeH5At0QG+faW3nxxRebD+vQgj6EeHCyyjR9yexMAOFwAFq6u0of+tXV1eZmuOebG31snMuNc+rUqX+fsNVdkq2tLQcr26roWzwQDps9yO1LAOFw4jnUJqxTd03VxNVGH2+Ke22cy30jwVDocSWFQlG/tRpcVupTPBCOZVmVdkUA4XCaB6W6q/pabUxjn9w417va77zzTtCRXwnydkn9010RiURMOrElewxxamvR9OlLPBCOReT5/z4JIBxOdEt1V/W52phGL4aHDh3698a5/l/HeLWZfvTo0TssJbHRKkPioSShUX8XiY2TyVtX04d4IByt8ZOxBwIIhyPUEt1VcUyeexuLkGvvQy6nc+fOLcra/L9caBIM3U7PNXmLB8KRq6Xr6BfC4Wjn0txV8alSPdSkPYShk9pUHz788MMmmOR0kkvryy+/HPQmehcGk+KhTftPP/00HD9+PKlKhCMJG4WcCCAcTiBVTUnuKrl/HnrooeaDrYt6cheRuhOQeGgVFwNAPv744+Gtt94yCwjC0d0W1JBOAOFIZzezZCnuqsnQ6Ms4zupsluyqkxh//PHH4eeff276ZhUQhCM7k1bVIYTD2dwluKtyfIzJ2UzZVJcqIAhHNiassiMIh7PZo7tK/vfr1687195/dXJRHThwoNnTmPfeRv+9qK8Fi4CMfY7VZ93yRoxw9GDT+DLgGPcGYsjuPi779YC6uCrbCEgJq9riDFfZgBCOHgweTyNpv0NxknK4iNZmmDoGu7a21ty61l+1ud2HaDOGUvJMC4hWsK+99lp4/vnnw7PPPlvlk8Wl2LaEcSAcPVlRdwr0/sRY3D2TN8RPnz691FAdPZlklNVKQCQY165d+0//9+zZE/76669RjolOj58AwtGTDeMGs1YbevQo91VHFDrd0NbKg5QXAa0AtZI9c+ZMWFlZaebUvn378uokvamGAMLRo6nHsuqIcaLkotKmeO4i16PJqBoCEGhBAOFoASk1Szz9ovKWp1ZT20spJ6HQKSq5qs6ePTuaW9gpY6UMBCDgQwDh8OE4t5auz6323L3m6Va9xqcAgTEked9tUj8EIDBuAghHz/bzenK1j27GyLeKRaXVES6qPihTJwTKI4BwDGDTeO5eex6KMptDmnSjDRn5Noex0wcIQKAbAYSjG79WpbV/oDsRV65ccX16tVXjMzIp0J6eglUMqhMnTgRtjpMgAAEItCWAcLQl1TFfdAste9UxGdqbuwAdjUpxCFRKAOEYyPCTq45lnV7yfkxoIHQ0AwEIZEYA4RjQIDEUicJHfP/9982JpqESojEUadqBQPkEEI6BbSz3UHzER3sL2mPoOyEafROmfgjURQDhGNjecllpv2N9fb1pWXsecl31dRQW0RjYwDQHgQoIIBxLMrLiQelyoE5aSTQUzE4hzT0TouFJk7ogAIFIAOFY4lzQ6kNioSi6SrrvoWi6HqsPRGOJhqVpCBROAOHIwMAxyKC6Et9dUAiQ1M1zRCMDo9IFCBRMAOHIxLi6yX3o0KF/N87VLV0a1IqkrYiojo2NjSb0tp6tPXjwYDh//jzhtzOxMd2AQCkEEI7MLBnfXdAeyObm5r+9m7cSiWKh/IqLFZNOb/FmQ2bGpTsQKIQAwpGxIScf77lx48bCnipYoVYo2nRPdXMtbIQMEIBA9QQQjpFMgXkiopXIq6++iliMxI50EwIlEEA4SrAiY4AABCAwIAGEY0DYNAUBCECgBAIIRwlWZAwQgAAEBiSAcAwIm6YgAAEIlEAA4SjBiowBAhCAwIAEEI4BYdMUBCAAgRIIIBwlWJExQAACEBiQAMIxIGyaggAEIFACAYSjBCsyBghAAAIDEkA4BoRNUxCAAARKIIBwlGBFxgABCEBgQAIIx4CwaQoCEIBACQQQjhKsyBggAAEIDEiglXD8/vvv4dKlSwN2i6YgAAEIQGBoAg8++GB45JFHFjaLcCxERAYIQAACdRBwFY46kDFKCEAAAhBoQ6DViqNNReSBAAQgAIE6CCAcddiZUUIAAhBwI4BwuKGkIghAAAJ1EEA46rAzo4QABCDgRgDhcENJRRCAAATqIIBw1GFnRgkBCEDAjQDC4YaSiiAAAQjUQQDhqMPOjBICEICAGwGEww0lFUEAAhCogwDCUYedGSUEIAABNwIIhxtKKoIABCBQBwGEow47M0oIQAACbgQQDjeUVAQBCECgDgIIRx12ZpQQgAAE3AggHG4oqQgCEIBAHQQQjjrszCghAAEIuBFAONxQUhEEIACBOgggHHXYmVFCAAIQcCOAcLihpCIIQAACdRBAOOqwM6OEAAQg4EYA4XBDSUUQgAAE6iCAcNRhZ0YJAQhAwI0AwuGGkoogAAEI1EEA4ajDzowSAhCAgBsBhMMNJRVBAAIQqIMAwlGHnRklBCAAATcCCIcbSiqCAAQgUAcBhKMOOzNKCEAAAm4EEA43lFQEAQhAoA4CCEcddmaUEIAABNwIIBxuKKkIAhCAQB0EEI467MwoIQABCLgRQDjcUFIRBCAAgToIIBx12JlRQgACEHAjgHC4oaQiCEAAAnUQQDjqsDOjhAAEIOBGAOFwQ0lFEIAABOoggHDUYWdGCQEIQMCNAMLhhpKKIAABCNRBAOGow86MEgIQgIAbAYTDDSUVQQACEKiDAMJRh50ZJQQgAAE3AgiHG0oqggAEIFAHAYSjDjszSghAAAJuBBAON5RUBAEIQKAOAghHHXZmlBCAAATcCCAcbiipCAIQgEAdBBCOOuzMKCEAAQi4EfgfEWEScrtEeHAAAAAASUVORK5CYII='),
(9, 5, 4, 'Surat 3', '2023-05-06', '7754.xlsx', '0', '', '', ''),
(10, 4, 1, 'sd', '2023-05-13', '1088.xlsx', '2', '1088.xlsx', 'sadassad', 'data:image/png;base64,iVBORw0KGgoAAAANSUhEUgAAAY4AAADGCAYAAADFeGfJAAAAAXNSR0IArs4c6QAAIABJREFUeF7tXXvQV0UZXhAK75kJihRh0yBEUxhICI7ZH+IYaZRNjjqVY0WZXTSarNSyTKZsKBpFM2fKiinTLoyMRjkaYVhSFpNJWk4hhoI4pIKI3Jpn5f3a73Auu3t2z9nz+z07882Hfnv27D675332vey7Q/bs2bNHsRABIkAEiAARsERgCInDEilWIwJEgAgQAY0AiYMLgQgQASJABJwQIHE4wcXKRIAIEAEiQOLgGiACRIAIEAEnBEgcTnCxMhEgAkSACJA4uAaIABEgAkTACQEShxNcrEwEiAARIAIkDq4BIkAEiAARcEKAxOEEFysTASJABIgAiYNrgAgQASJABJwQIHE4wcXKRIAIEAEiQOLgGiACRIAIEAEnBEgcTnCxMhEgAkSACJA4uAaIABEgAkTACQEShxNcrEwEiAARIAIkDq4BIkAEiAARcEKAxOEEFysTASJABIgAiYNrgAgQASJABJwQIHE4wcXKRIAIEAEiQOLgGiACRIAIEAEnBEgcTnCxMhEgAkSACJA4uAaIABEgAkTACQEShxNcrEwEiAARIAIkDq4BIkAEiAARcEKAxOEEFysTASJABIgAiYNrgAgQASJABJwQIHE4wdX7lY8//ng9yPvuu6/3B8sREgEi4IUAicMLtt59aMiQIXpwe/bs6d1BcmREgAjUQqDvieOggw5SW7duVVOnTuUuWylF4qj1PfFhItAXCPQ9cYigJHG8uN5pquqL756DJAK1ECBx0DRTawHxYSJABPoPARIHiaP/Vj1H7ITAX/7yF3XTTTepRYsWqV27dqkTTzxRvfGNb9Q/r371q9VJJ53k1B4rdx8BEkefEQeEwPLly9VvfvMbddttt+kVLIIAQgDC4A1veIN62cte1v3VzRF4IyBk8Ytf/EL9+9//rmxHSAS/3/KWt6ixY8dqUmHpTQRIHD1OHCZRgCz++9//Wq3kESNG6B3meeedZ1WflbqPQBFZgATe8Y53qPe///16QwEiwVpCffx79erVuYN/yUteopYtW6aJhKW3ECBx9ChxgCBGjx6ttm3bNmjFQgjgQ5YfCAIIABEC+H3PPfdokwTKpEmT1MUXX0wC6a3vfmA0NmQBLaKqgEhAIrKWzDX0yU9+Un3hC1+gFlsFYof+TuLoUeLAx46dIDSH97znPQNEYWs++O53v6sWLFigHnjgAb2c0c7jjz/Oj79DH3dRV0ORRRUUX/ziF9UVV1yhq2HdfeMb39CaC0v3ESBx9CBxwKQAZ+ahhx6qd4F1/BUgkAsuuEA9//zz6hOf+IT65je/2f1V34cj8CELrJ21a9dqsxT+jZ8VK1YMaKMgg+xGBBsWc7098cQT6te//rV65JFHNOozZ85UV111lfarsXQXARJHjxGHSRr44G3MDFXLF0Jn8uTJutrPf/7zZHeNcOSeddZZavv27VVDUi996UvVZz/7WfW+972vZ524tmSBeiAIMTPBzIm100SBJvvhD39Yz0OItdpEn/kOpUgcPUQc3/ve9wZ8EX/+85+DfojQNC666CK9m/zXv/5VS4sJ/eFByMEk4ivs4O8B4Z5xxhlJjcsXp40bN6px48ap5557bqAJ+LamTJmiI+Z2796tsQJBgCyKikRGmRFTpkYhWoj5PNrLBmDIvEBrfeihhwoDNKC9wJRFEvGd+eae63viwM7zhRdeUDDJQHh0tZikEWssELAI5cXvu+++u3WoILhAZtA0UGCaA8HZzCOEGTDDs08//bR+HqQogqvtSCD079RTT1X77befToljW/7xj3+o008/Xf3973/Xzx511FGaKNavX1/YhIRfY8xifoo5fuAOhzlwP/jgg9Vxxx2nzWDQeqSQRGxnvJ16fU8cInCxULGT7mIxTUmxSAO4YCcJnPDBw9GJj7+Ngn6AMDB3QhjoC35c/TloC+SBtkCKUvbff38tbF3bq4tHlgzR3ubNmyv7gf5/6EMfUjt27CjsAg7qYTzm4b22zEPAHQS/ZMkS3V/045JLLlH33nuvng+SSN2VFPf5vicOwAthiIUaU+jGmkaQxsknn6yFOlR8Eaax3oePes6cObr50Oawqj5jjAsXLtRahZhDMGb8dwgBD6EN/ObPn6+1ULQJzaop4YooJIwPY4P2BFMTiADvB9Z5Jc9Mh138aaedpo499litHeY5sauwburvWE8gfCEKYIDQXaxr0QhJIk3Nhv17SBxK6QWKg25d0zogYGDLjkkaaDt7wOuaa65Rt956qxo+fLj6/Oc/P2i15dm4UcH0PwwdOlS98pWvVCNHjlRHHHHEoJ+8/4cMxpgjaBlCGPBHgDBsw4vtP4kXNSsIXIwb5IGAgJimG/TtgAMOGDhzI2PDu0XDw+4cGxspIDmsWcEVZimcvUGyzqVLl2psu1KAt5Am+pzV9kgi6c0kiWPvnHRR6xBhAxt1mZPTdtlh9wfTwY9//GMdfptigbkFQia2IMfYJUIN/46pjYoWN2zYMB26ao4N84r/hnkQ/cFuHIEAolkecsghCsQKs1oXScNcYyDBWbNmaW0vS5RSr4hEQDYrV65sTDtM8dtosk8kjr1od03rwI4T2gZ2mps2bfIy1WCnB6KA4CpKRwKTSZ6pBmaUVatWqfHjx+sQWCnZOH75/6Yw3LJli3ryyScH/SASKO//Pfroo4MulWraaQozCsxHKGJGCf2BwiGPeSjyG5k+LPPdH/zgB9Wf/vQndf/993eeNExiEKKs8qMJiVx33XUDpkU8YxMcEXoO+609Eocx413SOmSXih24SxgqCAdCCkSZ1VKguUCI4afKrg/SOeywwzR6CCqIZTISU9zs2bPVX//611acpmbEWtFO2FdwyAYAzxc5wUFYV1999UB47YwZMzSZfeQjH9Hk3XVNI4ud6UeDj6lKu8RaBMHj0KtoiiCQEH4v33nt9edIHMYMd0nrkHQOMF3g32UFxCKaRTbTKezpIApxoroseDHlxDpRLmM0ybEtezeEGcYLkxGwgt8jhGCSMeYFNmA9wiwlcwbtDucgUF73utepv/3tbz1HGrL+BBeXc0NmmC82PjAvVm2AXNY76/4fARJHZjV0ReuQMxV5J7mxA0NoKYQdfswDWTA9iVaBNuoIPzGhoA3slkMW0/FftOssIpFYmX1NfwNs6uYBO9+xAzuQkTlGED0c30IY0AQRCID5glnw5ptvHiCPu+66q1OOcBecZI2XRZVl28McgeAlsIGmKxfE7euSODJYdUXrEIEjZiIxQUHoyIE4GZqZFjv0DkySKYZ2HotvwdYUJySCVPByliFGZl/gjJ1/iEOjstYkuCEbWot5w85bbPbwA8FkB/MUSohcZPaiovma2DxgfSEc18VESNNV/LkiceRgnLrWIXZxRNPMmzdPE0XWXwGBK5pFDP+DwCbCz2VXWLWsTbu/j/8km9k3NIGEGrPsqOG/gNkpe6DRNEGapAGfBrQdPIM18Oyzz1ZB2tm/m1qe6+aEpqt4007iyMFWBAMuotmwYUMtc06MqbvyyivVZZddNqhp7D4hiIQs6pigXPss2k+oA4HiO6l7oDEmgeSZmFxwE3LEGoP2IhpE3gn4LGngnAaeGzVqlH42FO4u/W+yrnyPPgcyabqKM1MkjgJccfoWYaPYScP+3KQgLprqbDoKhOJeeOGFA4QRZ4lUtypmpbqCHm8yQ099tI283ubdLZK94Kp6lINriPPWJ28XTCk47W9qicAObeZphwceeKDWMLLRU0KwNgESruNLrb6MFfiAKF2+R5quws8miaMAU9O+6iMcQk+VmY4CB8V27tyZTIpzm5BSWzzEfBNDGIJA5s6dq30grmaPbP/NvF02IaOmaU8S/OH/TZs2TR+4LDInCpFCw1i3bt0gR7iErRaZCdHHo48+eh8nPhJ7IpS3a1loxZ/m+z3SdGX7FVbXI3GUYJQ9tWumfKiGNkyNbIQNwmcRSQO7dqgdeYieVh1is3kHxoqdeEynb8jgh7JQ2jyiyV7la3PiX9LZF2lzQ/ZeC5C3FmROyrBv+kClzTooqmOSte/GgqarOjPw/2dJHBU4tkUeWbMUImwg9PCh41AchGv23oMwS8KvFdn9Yjfrm64kprZhjipU8IOtEx9rCOG1+I1Q4SOPPFKH2tpoPSL8i+oW/V3Mh1gneK+p0ZSl7WgjI7DLipPNBZ7xvVSMpisXxPPrkjgsMGyaPLJZUiEEJMLG98S4xTBrV5Hd7549e5zbEk0ABAm8XWzYri8LqXVUOfLN7MXQMBDY8Pa3v92a+LNh19mxyligiUoYtnnSvcpxnk3bkZJPr2hezUvF6mQvNk1XbaXRd127qdQncVjOhJkGwWanaNnsoGp5ZqlsBliXE+M+fajzTB3iaPpCrSa0jixpYH4lNYaNqUX8GyDT7Il/mSdT6wFhm8EFLuvUzAjcBfIQwq4bjgy8TjjhBJ2ZOFYGhDrfVKrPkjgcZsbcybl8lFWvKDJL5eXoKTsxXvWe2H/3JQ4z75WPtuIzrhhah0kGJmmIf8I1v5dsEqoEmjiNv/3tb6vPfOYz2oRZ9UweZl0iD/RVwpF9TVaCgUm2LoEOPuuuV54hcTjOZGjyKDNL5XUNEVW4dyElx7j005c4xG5te0rcccoKq4fSOqT/klcJ2qncHWI6tcXEYpqVysZiu0kQgpE7OWzb7zp5uOJZhrVp/sK3FdNUGmr9ttkOicMDfVlkeNR3h2JjluoX4siz03tMi/Mj8l44rOue6xAhD6Et16FmI6HEHGe7QxYirro61twxhzi02hXNw1WDq1ogMocIOMAcsRQjQOLwXB1iY3U9zepilsrrWlWUjedwgjzmq3G06bfx7XMWMDPaB3/LMxW5vEvaswnZxftwoRNCtM8++2y1ePHi2vNpkkddP0LtzpQ0EDJDM75NmP2QdLLqLpCYY+pC2ySOGrPkSh6uZqm8rlXF9dcYTu1HXQSj+bK2yDCkb8U0YZ5//vnqxhtv3AdPF3wknNbWVyGZDnDA8frrr689l2ggpB8hSIdyGjEzNIcwMUkQDDaEiEiLmectFiZNtEviqImyDXngAzQPf9W5L1s+lBTvR3cRjCbsYiLwNfv5TmEo34p5xSz6AnPR9u3baxGHOLxtMDFNVSGTTWIAslHxPa3tOzcuz8n6CRWwIvMZGkuXMaVel8QRYIbkI88LY8we/rrjjjsqbzSr6lJVbH/V87H+7ksctrb80P0OQRzZe8lx0A8l65dweZerJmReb4t3hwycME9rh2w35FyGylYsfTLTDdmETYccS1faInEEmCnTHgxHq5BDXhx/iGgN22ibAENzasKHOFyFpFOHKiq7CPO8poQ0cDobwktuUsQlWllNweVdroc8JToM6wLvCbXzljFXHXIMOSe+bdXNVpx9r+mzstH6fPvd1edIHIFmLmuOmjJlinr44YfVM888o+DgxEIMQRrorm18f6ChWTfjQxwuAtW6I5YVfaO5MNcIt8XzIA2MQS7IEiGbda66jFM0CJvdrnlIEOsCGk+dcNw86OSQocs1rpZTEKyaS94w25dKmz4ZeW3f0dV6JI7AMwebMO7KQEp2lIkTJ6rf/e53wUgDbYoQSs0G60McvsI7xLT5RHOZKdGzpGGSelbouxCHaBBV6ULwPtOJjn8jjxlK6IOUouWmGm1kmzfMdd2IGdrlBkLXd3SxPokj8KyZ+W+kaezUIKQQIROqtOUXKOu/D3H4CO9QGLq+u4o0TFLPHma0JQ4RgLZJLLMkI4LO9qyILZZiPksxKEPGEON+EjNENzSmttinWI/EEXBWzJBMuZgHixk2bxR8dLA/56USce1Gin4OH+JoKxS3TDsomosDDjhAHxSE6RGCNC9UsyjqzZY4XDSwvFxWMUw2goeQVKoCVDAOTW7mqXKG6L64GkgcrhK7oL5JGtnYeyxoEMjatWv10xD6IJA6MeKuu+VAwyxtxoc42grFxUBcSEvwtjmZnYeDCJ+qcxlFPpI84PPOegiZ1ElvXzTJXQjNDZVGJouBrJWUw5Kb+MblHSSOAGjb5q/ChwcBhJOpKPjwYQv3cZq7Rt4EGGZlEz7E0abJzZa0YKKC7wC/bSJs8s5g2BK9pCWx8W8U+UJ85qFycvceCMQ7sX5TD80NLeDNsORU/Tw2cxiqDomjJpLZOH78d1nBApQT5Kjn6/9oM4y1aHyuAqvtMdgSh8yxbbSS7E5Nk44tcdgSaVnKddd5cPkEUg/NNQW8Dfm6jN0M0Q3dtks/UqhL4qgxC66kYb4KTre6/g+X08U1hmn9qKvAsrX7W3fAsaINcZjCwnaXnUcStsRh0yfRVhcuXFg7J5YjZPpeEGhfKYfmigmv6Lpd1zGb9aVt+Lu2bt1ap6lOP0vi8Jy+vMNfPk3V8X+4xPv79M3lGREoSO29c+dOq0ddHMFWDTpWstnd+1xnmzcuW+Kw9XHgxjpc0Zu383UlcEfYtI8OAR+pmmxiklvbWrLrXMWqT+JwRLbs8JdjU4Oq+/g/UvJz+PTFVpjWwbXs2SoB63udbd45G9ux2tYr63vVuOriKXNdlJOrbvshno9JbrHxDTH+2G2QOBwQtonjd2hun6qu/g9zZ4XcSG0WW4Fn9tElqin02GTnWKQhmQ5xnxQeWeEimkRVW7bmuzaJA3ORuvAUcosRXZb62EN/K3ntkTgsUY5NGmY3sv4P7OxuuOEGBZtttricMrYcqlc1n3MltvZ8rw5VPFQloIUIfW8llHkRv4jtWG2zH5clumxCsNmOJ8bc2bYZC4dY7dqOK4V6JA7LWbA5/GXZlHU1CLdZs2apF154QT8DYQSBZhKIrU3c+qWeFX0y9tr4GDy7U/lY2bkKM32Fb/RMVrC6CFobwVTWns3zlQBVVMiLHKvbZujnY+EQq93Q44/ZHonDAl2xddsc/rJozrkK3g/CkAOEJoG07WDGYFzTZAgA4uBt4ySyBBbkOXhFKNeJyskGLrgQh020XNvE4WOadF74NR+IJeBjtVtzuI0+TuKogBsmqsmTJ2vhWGWfjj1zeQRy4YUXqnnz5inY6jdt2uR1mLBuv30c43hnmyeRiwSvmLCQKwpz7nM40xybkI8Lcdjs5tsmjpRvopT1HEvAx2q37nfY5PMkjgq069q6Y0xmlkCwkJENNe8iqRjvz7bpu/ts85IgMa1lL1ySk9t1Q02zPhQX4rDBs23iqPIRNbHuqt4RS8DHardqPCn9ncRRMhuuqSaantgsgeD98MUgjbvcD9FEn3wc49KvNk4iS0RVXgbaUEJB3jFs2DC1Y8cOPR+rV6/OPXeRnSMb82NZRFqoMZStHTFPhk4oGHK9xsIhVrshxx67LRJHCcIpaht53YWgufzyy9W6dev0n4cOHap9IrgXpIni4xiXfsU8rFU09qLdskQ0Ifst/l23mALGRdjY3LdSppW4vKvOGJt6j28fY/UvVru+42zjORJHAeqpaxt53V60aJH61Kc+pU8Uo4wePVpdddVVuWG8oRabr2PcfL/snuuah2zHVBRRFdr84kscGEeVcEqBOFy0KNu5CVmvCkPfd8Vq17c/bTxH4ihA3TWxXRuTV/TOmTNnanOVlLww3lD99XWMm++PdY9C0RiLIqpCEke2LVdhkz0Hkh1LCsTh4rcJtd5c2nHF3LbtWO3avj+FeiSOnFmIdQ1lkxMuxAez1e7du/WrYxCIjSPXZtyx7lHIe3eRwAs1FrwzSxxluaVc+ih1UyCOlHKl5WEYS8DHatfmO0mlDokjZybacNjGWBBm9t7DDz9cPfXUU8EJpI5j3ByzOIRD36OQhysc1rt27VLZiKqYxOF6rWmVUC4Lh21KsIXEK8b6j4VDrHZjYBCrTRJHBtle0DbMIZnkcf7556s777wz9yCh7wKr4xg33xnzHgXzPWUJ+soOBbrik9U45L3wC+A0elWpOidRZlZrSrCFNO1V4eHz91g4xGrXZ4xtPUPiyCAvO+iqKz7bmjCf98rOEM/iECNK0Ul0l/ZDOMbN98W8R0HeI/Obd5gzpM0+bzcuAsfmXo8qoZwCcUgUmi0ZuqytEHVjCfhY7YYYc1NtkDgMpEOdGm5q8lzek3e9bVkqE5u2QzjGzfeY2l7WjGTTn6o6IuiKToXHJg6XbMBm9t68jAApEAfwTlmIxupbrHar1m9KfydxGLPhc2lPSpNZ1ReTPLAjxn3nKL4EEsPGLcIVfUP7IUuVn6EqksmlL3nY2BzsM98hiTXzMgKkQhyhTJUu2NrWjSXgY7VrO64U6pE49s5CL2sb5kIzyQOCVExXeQSCpI5f+9rX9DmQvJxNoRzjZv9iheba+K5EIGzYsEGNHDmy1veZRxxmH5AipqpA6wDGOHGeJY+y9OtNCraQWloVHq5/j4VDrHZdx9dmfRLHXvTlMFOMnW6bE5z37jLyEAKZO3fuQDp3/D+QDAgEgkKKRCfZ2OxdMJC5CJlUUgR5WcbbQw45RD377LNq6tSpaunSpbXIo0igythsMwKDbPDM008/raCN4TkpRQKsScFme0GVy/yHqhsLh1jthhp3E+2QOPaaas477zw1duxYnRG1Hwp29hBEEEhZzUPGDx8GSGbJkiUDkECIwYm9Zs0a9dWvflXFuD40dGiumQWg7H6NjRs3qtmzZ6tVq1bVJo+qsyIuKduhXaC97FyJAMv6g5oUbDHMlaG+v1g4xGo31LibaIfEoZSSjKghd7hNTF7ddxQJpGy7IFMIc4SIQnih4OOBueVHP/qROuuss+p2ZZ/nxXZ+9913D9JyfF4kRGRzm18o8igiDtsb/rLjzJsr8YGYxC9OdTxvYw7zwdN8RgIkzjjjDIV/p1RiCfhY7aaEXVVf+p44mv7Qqiak6b+bAgnCDqaQsjsoIIQvuugiBdyk4DkxZYXqv41pyeZdO3fuVAceeKA2u9mah0KQR5nt3/e63yx5IGRcNBHJ81UVxmuDmUudpt/n0rdYAj5Wuy5ja7tu3xNHygu/qcVhCqSqOz1kh3nwwQdrs87tt98+oIWAcGDGghkGwrFOsXFm27R/7rnnqsWLF+t081u3brV5RNepSx5lwqUququsk6KxoI4Qx5w5c/QjMMMBN/y3jXZlDUZJxVQ3XoJTDFMqiUOpvieOlFXtEB+2bRs25GHehig7XPw/YAgzFqJ/pMB/AgEJE4ZvqSNg8c4rr7xSp5Y/6KCD1L333qsmTZrk1JU65FEmXFxPkWc7nT2Tg7lbuHCh1hQR1ADfU5NBHikK0qqT904LIVM5xfHWGY/Ps31PHCk793wmtM4zZvjniBEj1PXXXz8oJbtgVXRfBbQ3CLWbbrppoBvY8b33ve9Vp5xyipo1a5ZC5JJtEW0QAhEOYJdy6623qne/+936kVtuuUWdeeaZLo8P1PUhDxHswHDbtm2573U5RZ7XQJY88N/Lly9XY8aMUY899phqKkU9+paiII0RKi7zkOJ4vRZ3jYf6njhkV9vkh1ZjvqI/CvLAPR4i8PABYvcK4Y2711HKIpPwd7QBQfbpT39awcdglpNPPlmTCH6OO+64yvH4hOY+8MADavr06WrLli3qy1/+srr00ksr31NWwZU8bDL9upwiL+qbSR7XXnut+tznPjdgNgwRVGALWoqCtCjizHZMZfVSHG+Icbm00ffEkfIBJpeJDF0XQgn+ComiAnGAEFxzeN1///3qV7/6lf6BMMsWOReC33gHiAIpQeTqWxGOtvmQYLaZMWOGeu6559Q555yjfvjDHwaBxpY8pL9Vod2up8htyOOKK64YyAawYMECHcTQRElNkIopMNRNjiaGYgKL4TtpYq5CvaPviSNkmolQk5JKOyAKfCg4PS4ayNlnn62+8pWveDm/n3nmGbVs2TJNIj/4wQ/U9u3bS4eKucHPH//4R609wGeBS6ogEPIiv8xkjnCGg/RwSDFUMckDIdzwJWRP1dtoG+iP6ynysjFIckizDvABUTdx93xqxFGVkt53PXTxVlDfsVY91/fEkdqir5qwpv9upjs3342PU0xYdfoEPwbeAU1BfkOorl271rvZmI5hkMe4ceO0RoMCAQ2zE96JsbgcJHU9RV4GiJk+f/jw4WrHjh37pCnxBrTiwdS+Id9w5yp8hJCailir6k+bf+9r4pCQvSqzQpsT1Pa7zY9FkiGK81vCb2G+Kjv74TsGEAh+EBEF+z3KtGnT1B/+8IfcJqFl4MrcJnbZEkkGh7QUOMNx37vtQdJQZ1Xk/aeeeqrW6KBlHXPMMerhhx8uzArgOyd5z6VEHKFT/ct4Q4WHh8S9zbb6mjh4hqN86Qk+qGXmowLhglBEaII0YNKC2SZWkR21q48lVn9MgQIC+MlPfjJgzsOOV86zlBGq7ynyojGZznKcs8HJcZj4Ygd+pEQcoXxHWYx78Z6eOt9GXxOHOLpSE0Z1JjTks1WJH0EsEJpCIDHuNJfxiJCFIAaJxdBw6mD3qle9Sq1bt06ZV/SaZqyiA5EhzSqiwYwfP1499NBD+sS8HHqsioSrM/aUiCNEtFoWi37JnO2yBvqaOHiGo3ipCKnCjAehXZWGxLxRUEJ4zUy6LouyqG7Z7X0h2vdtIxtJlWfGQt+hhWQPRNY95Gj2WYQmQnNvuOEGfSDziCOOUE8++aSev1iEmxJxxLgfRMg9tubmu/7aeK6viSPmIaE2JjPUO83oEdv8Tnh3NoQX+OJjC+VzEAGNDxlCMJVSFEkFuzgIFUQiYc3ZA5F33XWXThFiG25cNmYztBztyV0eQ4cOVbt379YRaStWrAgOWyrEIZpByDBccwPVL5mzbRYIiWP5ch22GHp3bAN+qnVk5+qT8VRCeM1MuthVI+qobv4q4CVCOpU5szm3UXUgUs631L3XJLvbzh7mBH4TJ05U0EhCrvdUiEMsCKFMzwy/LZZQfU0cMU+XpkoKVf0y7bkwUfkKe3x0+JCRQ0lKiBBeEQ4+pFY1dp+/257bkLbqdFx/AAARcElEQVTLDkTCPwLtwyc9C9ovEuDQeDAPmFsptg58G0xSIY6Q4c0YN8NvSRy5CCDyBFEnoXYoNh9ZynUg7EeNGqVTkIc6CyHmmlAhvOa5kro79LpzYaNtlL1DDkRCAzDDeuUZl/QsEjxQZqa5/PLLdQoWMV3hPeLAxzfga1JMgThCZ+ll+G3519HXGoeZotrFll9X4KT6vNjIkU0WV6iGLCFDeFMJzXXVNorwNIXU/PnzC9OzIEoKG528YhtaLtjhkCDMVmZGY7ndEdqcS9RaCsQROgyX4bckjlIExPmFDwUhi76mmZBCto22RKAgT1QdE1VV37MhvHAWI40JPlRbgSWCNmakUNU46mob2fazZhYzPcv3v//9gfvfi271s7XvZ/0eb37zm9WECRPUz372s0F5yeQ0vM33kAJxhExWyvDbqtXP+zg0QuIMhvDKS8RXDWO3a4jQAWngo/E1WbigAMGLuyNgFjOLRANhTpDaoajIjrCtEMlQ2oaMr+wUuZBUWWI919BybJjwjER7wZ7/2te+Vh9kNM1mNrc7pkAccv1z3fMq2DQhOwHWZVtry+U7aqtuX5uqBHTTbh7Ktt/WhLq+1zxt3Ia5Dh8qyAo/S5Ys2af7IBAIL5CISWiSARXCFClImiA76VxobQPtmjfW4dCemZxRhGJZKhOf0PJsAAM0OJAJNL9sGDH+hl09fCFZLaRt4rAhVpvvwrwWef/99x/IR2bzbL/VIXHsnXEzvUYqoZ6xF6Pp47HNrxS7T5gHkAJ+m/Z3vBcCCwJSzFpybwiEGkgvZIhp0TjRN1wQhXtGQmMGH0Y2Hbw4fffbb7997jYx+1jnegCY/kAKZgYAjA1knHe7Y/YwY9vEUVf7A8ZIQQ/iQEHqHGhkLn6e2N9Fau2TOIwZEXUfCxEqby8vHJAGonbw0eBDkY8mpQUq19KKRpLNmPv6179eC9pHHnlEdxsfO3bEMQr6gPsuJKQ1xo407wIqW6d3COGNd4FABGcQBAgE3wPWC/A1DzPi/6M+vhuUIv9LjPkIpf1hXMhojN8w1WKMGBNLOQIkjgw+4qSEiQS72F4s5t3hqZJGHu5VZi08c/zxx6uvf/3r6sQTTwwyddiNgzCEWCFcICjhE4hRslfe4hpY7IbLQsaFXEJdLpTn/5AU+nKYEXWyRA5SqXPHvA+edbQN0zSFMGb8d5MmT5/xpvIMiSMzExAUWDxwGvaicwwfPjQNCGF8LBA6XdWsysxamNaq2wXLPkLghENzsptGXQhPEEZsvHBh1WWXXaYQFo0NDG4xLFuLIfNdCSZF/g9TowP+11xzjfrpT386AGWdO+ZdhaKvr4mmKVek961P4sjBUByvTd6iVn8q7VoQIWOTvNCuxTRqQRh861vfUldffXXhWQezp3K7oPzGZgHzLTtPaBloEwVaGQjEJjQ1FBrnnnuuWrx4scIhVZypKfK7mWkxYhyILPJ/CCnLt/Ka17xGayB175h3wc9H26BpygXh4rokjgJsRMBiB4VMozHvmggzldWtmGc1mgq7re5V2BoQpNili6P3Yx/7mHr5y1/udbsgIrlAGE043bMoQABPnz5dX5uLsnnz5lxNR3bdsW+lK/J/4P1y1zmwKkupgtTzSKfim1LFxMhH26BpKty3RuIowDJ7UCrmXRPhprO4JTPstm6sexP9rfsO8x5uECacvGaR2wXNK2sx5yAcbBZuvvlmTUBtFjjLEQCAglQhl1566T7daTrVfNb/MWbMGAU/TJ5GZB5ixD3zjz766KD+u6RUyQ7cRdugaSr8KiZxVGAq16WKI7CLBCLmBAw1dAhp+CUZrkUzzTtMURBusf0T4Xr/YksSLYV/33LLLerMM88ceIV5TSr+3dTY8hJYIlXKJZdcUjr8UNpInrYh99TLhiB7jz06xqipcKuTxGGJZVcJxAy77bfDjZhajB+7cgQ7dNFnZRIHnOW4f33SpEl61Ya+s9zyUxiodvvtt6u3ve1tA/+NTRU2JjamPVdtBKYyYIHf0HpADMcee6x64oknBnxRZf0HdriLhFFTrrOcX5/E4YhjlwgEu6/JkycnfVbDEX6v6hAycqkRyAMRSl2J1RfiOOecc7SzfMqUKZo8cLK87btJZOc/Y8YMba7KO/9hO2Fl2ohNGwj2AB6YXwl0EJKwITKbd7DO/xEgcXiuhtQJBDuzWbNm6Zw7sR2nnhA2/pgEB+DF8IGAQFIvQhw7duwYcJaDRD7wgQ/osGoIzLZuphM/kmiyZec/XHDOS/D4pje9SW3YsEGtX79e32aIoId3vvOdmiyajHZzGUcv1yVx1Jzd1AgEQgQHxuDXQMEJZ3xsTdm/a8IZ/XEzSAA7URzyTBkb80S4ebIcmiSCHNo0P+alObE5/2E7yTAz4h4XrGWTHGOc2rftE+u9iACJI9BKSIFA5MY9fLxwBGJHaB5gCzTUzjdj+j2wWwV5pGr7zt5SaZ4sx0TEOLthO8FlaU6y5z9weRTOeiC/2FFHHaV/8v6N8eSRBTQrRLlBa0x1rmxx64V6JI7As9gGgcAshXw7sitD2geYDajCF08usIIgQiJFaBxw6rYdfpvXW0l8aIYUv+td79L3ZyDxIUhQnOWBl3Jpc5LmpOzGQTSAem9961u98liRLJqcUbd3kTjc8LKunSUQnA244IIL9EHCUDumrFkKHxreS2eg3TRBM4NWJtfaQjuD6SelYmpHEkotJiL003SWN9lvuQDNNtcZotoef/xxbTbF77x/I1klEiV+/OMfp2bR5GR6vIvE4QGayyN5FxZBE8Dutg6J0CzlMgvldUUIohbmBQI6Jb+H+GXQJ0RWIQQWpshx48ZpjQPOcuSzarKEvHGvyX7zXWEQIHGEwbGyFXzgEABw9JlZRbMkgnpyK5uk8JbDTHiJHHCSF9IsVQm9VQVgDdIA9pJmxvYqW6sX1KwkgvrII4/UZxew6Zg3b56OtMI95EUny2u+tvBxySLdL3fXxMKxq+2SOFqYuSIScenKiBEj1B133EGzlAtoFXUxLyeccILatm2brokdPkxZENJt+4uweUCqeERWoYjAzqZhN0+WB4Rmn6ZC3P8Rs39sOy4CJI64+Fa2LiRy3XXX6TMXcpAJD8pBJvxb/BZywKmyYVbwRkBuvTPv3pZrU0P5p3w6d/rpp6vbbrtNP2qmjjHTsJsny33eYfOM7eVSNm2xTjcRIHF0c97Y6wYQkFvvxHkuBA4tpOkLi8TPgTMM0Iiy6VMkDTvuJ//lL38ZVROVVCdll0s1MD18RYsIkDhaBJ+v7gYC8CtBcMOJLv4nSXbZhB/EzDcGTQM7fpAZ8i/hrg4UpGGHwxxX6aKA3OTWvtAowxe0ZMmSvkqYGRrDrrdH4uj6DLL/jSEgd6Bjxy0BDrH9IOaNjRL6iv83atQobdrMnhwXbQCggNyQViX0+RTJkdUP6fkbW1wdexGJo2MTxu6mgUBTfhCJpspe8yt+BhAXBLjpvIeGgudwuBElZIgxSOuwww7T7eLMBUt/IkDi6M9556gDIRDTDyJ+DZig8m5sFJMRfiNtSraYSQdBMPjvujdZ0jEeaOF0vBkSR8cnkN1PA4E8PwhSgiCEFhFxiMaC1mAb1pv1a+Slgcc70S78LkXnKbI5o9AX+Els+5FFV0xhbSZXTGPG+7sXJI7+nn+OPjAC4geZO3eu9kFki4RTm2QyfPhw9eCDD6o1a9bo3/hZuXKl2rVrl9YQoHkUFRHkiKbC1awjR47MrWrehog+4DlERbkWSXcCDSe078S1L6zfHgIkjvaw55t7HAHs9qE54AcmHjMrgM3QobFs2rSpMv2JJEKcOnWqWrp0aSF5gNSguSAiCgXaCrQPl7MpuEAKhNZmVl4b7FgnLgIkjrj4snUiMAiBLJn89re/1VlukTpk4sSJ+mfChAn699FHH22F3saNG9Xs2bPVqlWrVBV5oEE49hGuK5Fhtskd5e56pGTZvn27Vd9YqTcRIHH05rxyVH2GgEke0EB+//vfl6Zbz164hBQ2ixYt0un5i4o44xHiC+Jh6V8ESBz9O/cceY8hAPI45phj1NatW/XhQJihqnJXwYR2yimnKFxNi4K7PS6++OJ9CASaErLxomzevLnSfNZj0HI4GQRIHFwSRKCHEMAJcvgxkH4dxTZrLkhmwYIFA0kUswQiTvgqZ30PQcmhlCBgRRyPPfaYdtKxEAEi0A0EbrzxRnXttdfqzp522mnqS1/6kvalVBU4znG3xz//+c/cqt/5znf05VEsvYnAK17xCjVmzJjKwZE4KiFiBSLQTQTuvPNOnZIE+avgw0BI7vjx460GAwKZP3/+ICc42kD2XZbeRSAocfQuTBwZEehtBHB/x7Rp0zR54PwGHNt5hwl7GwWOLjQCVhpH6JeyPSJABJpDIHu3OogDBJLS9bjNocE3hUCAxBECRbZBBDqAgHl6HGcxli1bFvXejg5Awi56IkDi8ASOjxGBLiKQvR4XZzOgffjmruoiBuxzfQRIHPUxZAtEoHMIILxWLqaSO0XgSGchAjYIkDhsUGIdItCDCOBQH06AS+4qXEu7fv16+j56cK5DD4nEERpRtkcEOoYATo/PmjVLZ/NFwkOkaKfjvGOT2HB3SRwNA87XxUUAu2gk74MwxL/xs2LFCp3RlSUcAsiHtWXLlnANsqVOIUDi6NR0sbOCAJy8IAhJW46QU5AFS3MI8OrY5rBO7U0kjtRmhP0ZhADIAAQBzQH/BkGALIrK2LFjdYQQTC7yG/+m6cVuYQHf0aNHq23btu1jtrrnnnv0FbXIaYVC4rDDtBdrkTh6cVY7NiYIq9WrV2tCkPsqxMxUNBRcwwoywI10IAj84N8s9RHAfABLzElRwY2Dzz//fP2XsYVOIkDi6OS0dbfTIAQhCWgQVf6Hk046SRMEtAZTi+guAt3oOcgDF0khVYkUkMVHP/pRNWfOHDVz5sxuDIS9jIIAiSMKrGzUvBuiCg1kbYUgMjUH+XfVs73+d5DrkCFDBvw34sdx9efgZsD77ruv1+Hi+BpCgMTREND99Joy0hCSgCnE1CL6CZ/sWP/zn/+oBx98UK1Zs0b/xs/KlSuDRoKROPp5hYUfO4kjPKZ93yJun8MtdFLytIc8h3XWR3HooYdqcumVkkcQIImnnnqqcIgw1aEINtnfvYINx9EtBEgc3ZqvTvQ2SxyhOm0KTfF7pEgueQSBiKSiKKTDDz9cTZw4ceBnwoQJ+t/wMbAQgRQRIHGkOCs91qe8CClEUMEBa5as3V6irWzgEK1GfotGI9FXNm241nHVIOCrgC9HSIIE4Yo466eCAIkjlZlgPyoRMM9xyHkOOSle+XCDFahBNAg2X9UKAiSOVmDnS0MjIFqNaDLye/ny5aFfNdDesGHD1PTp06lBREOYDaeKAIkj1Zlhv4gAESACiSJA4kh0YtgtIkAEiECqCJA4Up0Z9osIEAEikCgCJI5EJ4bdIgJEgAikigCJI9WZYb+IABEgAokiQOJIdGLYLSJABIhAqgiQOFKdGfaLCBABIpAoAiSORCeG3SICRIAIpIoAiSPVmWG/iAARIAKJIkDiSHRi2C0iQASIQKoIkDhSnRn2iwgQASKQKAIkjkQnht0iAkSACKSKAIkj1Zlhv4gAESACiSJA4kh0YtgtIkAEiECqCJA4Up0Z9osIEAEikCgCJI5EJ4bdIgJEgAikigCJI9WZYb+IABEgAokiQOJIdGLYLSJABIhAqgiQOFKdGfaLCBABIpAoAiSORCeG3SICRIAIpIoAiSPVmWG/iAARIAKJIkDiSHRi2C0iQASIQKoIkDhSnRn2iwgQASKQKAIkjkQnht0iAkSACKSKAIkj1Zlhv4gAESACiSJA4kh0YtgtIkAEiECqCJA4Up0Z9osIEAEikCgCJI5EJ4bdIgJEgAikigCJI9WZYb+IABEgAokiQOJIdGLYLSJABIhAqgj8D6BSvemtfPzhAAAAAElFTkSuQmCC');

-- --------------------------------------------------------

--
-- Table structure for table `users`
--

CREATE TABLE `users` (
  `id` int(11) NOT NULL,
  `nama` varchar(255) NOT NULL,
  `jenis_kelamin` enum('Laki-Laki','Perempuan') NOT NULL,
  `username` varchar(255) NOT NULL,
  `password` varchar(255) NOT NULL,
  `role_id` int(11) NOT NULL
) ENGINE=InnoDB DEFAULT CHARSET=utf8mb4;

--
-- Dumping data for table `users`
--

INSERT INTO `users` (`id`, `nama`, `jenis_kelamin`, `username`, `password`, `role_id`) VALUES
(1, 'Ujun Junaedi', 'Laki-Laki', '123456', '123456', 1),
(6, 'user sub bidang', 'Laki-Laki', 'sub_bidang', '123456', 2),
(7, 'user kepala dinas', 'Laki-Laki', 'kepala_dinas', '123456', 3),
(8, 's', 'Laki-Laki', 's', '123123123', 1);

--
-- Indexes for dumped tables
--

--
-- Indexes for table `kategori`
--
ALTER TABLE `kategori`
  ADD PRIMARY KEY (`id`);

--
-- Indexes for table `rak`
--
ALTER TABLE `rak`
  ADD PRIMARY KEY (`id`);

--
-- Indexes for table `role`
--
ALTER TABLE `role`
  ADD PRIMARY KEY (`id`);

--
-- Indexes for table `surat`
--
ALTER TABLE `surat`
  ADD PRIMARY KEY (`id`);

--
-- Indexes for table `users`
--
ALTER TABLE `users`
  ADD PRIMARY KEY (`id`),
  ADD UNIQUE KEY `username` (`username`);

--
-- AUTO_INCREMENT for dumped tables
--

--
-- AUTO_INCREMENT for table `kategori`
--
ALTER TABLE `kategori`
  MODIFY `id` int(11) NOT NULL AUTO_INCREMENT, AUTO_INCREMENT=6;

--
-- AUTO_INCREMENT for table `rak`
--
ALTER TABLE `rak`
  MODIFY `id` int(11) NOT NULL AUTO_INCREMENT, AUTO_INCREMENT=5;

--
-- AUTO_INCREMENT for table `role`
--
ALTER TABLE `role`
  MODIFY `id` int(11) NOT NULL AUTO_INCREMENT, AUTO_INCREMENT=4;

--
-- AUTO_INCREMENT for table `surat`
--
ALTER TABLE `surat`
  MODIFY `id` int(11) NOT NULL AUTO_INCREMENT, AUTO_INCREMENT=11;

--
-- AUTO_INCREMENT for table `users`
--
ALTER TABLE `users`
  MODIFY `id` int(11) NOT NULL AUTO_INCREMENT, AUTO_INCREMENT=9;
COMMIT;

/*!40101 SET CHARACTER_SET_CLIENT=@OLD_CHARACTER_SET_CLIENT */;
/*!40101 SET CHARACTER_SET_RESULTS=@OLD_CHARACTER_SET_RESULTS */;
/*!40101 SET COLLATION_CONNECTION=@OLD_COLLATION_CONNECTION */;
